date,precipitation_sum,temperature_2m_max,et0_fao_evapotranspiration,soil_moisture_0_to_7cm_mean
2023-01-01,1.8,28.7,3.16,0.23466666666666666
2023-01-02,6.2,31.0,3.8,0.26583333333333337
2023-01-03,2.5,31.1,3.29,0.261125
2023-01-04,0.4,30.5,3.44,0.24708333333333332
2023-01-05,8.9,26.9,2.1,0.24945833333333334
2023-01-06,6.9,27.2,2.91,0.36191666666666666
2023-01-07,15.7,25.9,2.13,0.3861666666666667
2023-01-08,0.6,25.6,1.93,0.37716666666666665
2023-01-09,1.7,27.8,2.6,0.3746666666666667
2023-01-10,37.8,26.3,1.78,0.4166666666666667
2023-01-11,6.4,27.6,2.74,0.40804166666666664
2023-01-12,4.9,27.7,2.63,0.40020833333333333
2023-01-13,1.2,30.1,3.43,0.392375
2023-01-14,1.9,30.5,3.74,0.3762916666666667
2023-01-15,0.3,30.9,4.25,0.3569166666666666
2023-01-16,0.0,30.2,3.87,0.33875000000000005
2023-01-17,2.7,29.5,3.71,0.330625
2023-01-18,0.4,30.0,3.82,0.31983333333333336
2023-01-19,0.7,30.4,3.89,0.30524999999999997
2023-01-20,0.6,30.6,3.89,0.291875
2023-01-21,0.1,31.3,4.38,0.280875
2023-01-22,0.5,30.8,4.18,0.2747916666666667
2023-01-23,1.5,31.1,4.21,0.26945833333333336
2023-01-24,0.7,31.3,4.47,0.25816666666666666
2023-01-25,0.1,28.0,2.65,0.2574166666666667
2023-01-26,0.0,30.7,3.75,0.248125
2023-01-27,2.2,30.7,3.5,0.24662499999999998
2023-01-28,0.0,29.8,3.46,0.25225000000000003
2023-01-29,0.0,28.8,3.51,0.24208333333333332
2023-01-30,0.0,29.7,4.02,0.23291666666666666
2023-01-31,0.0,30.5,4.6,0.22387500000000002
2023-02-01,2.2,30.6,3.68,0.217125
2023-02-02,0.3,30.5,4.3,0.21162499999999998
2023-02-03,0.0,30.6,5.21,0.2117083333333333
2023-02-04,0.0,31.1,5.24,0.2015
2023-02-05,0.0,30.9,5.17,0.19362500000000002
2023-02-06,0.0,30.9,4.75,0.185625
2023-02-07,0.2,30.5,4.41,0.18179166666666666
2023-02-08,1.0,30.7,4.6,0.179625
2023-02-09,0.1,30.5,4.8,0.1785
2023-02-10,0.0,30.8,5.09,0.17316666666666666
2023-02-11,0.0,31.4,4.76,0.16841666666666666
2023-02-12,0.0,31.5,4.39,0.16558333333333333
2023-02-13,0.0,31.4,4.42,0.16387500000000002
2023-02-14,0.1,31.1,3.66,0.16541666666666668
2023-02-15,0.3,30.3,5.1,0.1655
2023-02-16,0.0,31.1,5.1,0.16091666666666668
2023-02-17,0.0,31.6,5.22,0.15408333333333332
2023-02-18,0.3,30.4,3.69,0.15479166666666666
2023-02-19,7.0,31.1,3.31,0.20641666666666666
2023-02-20,0.4,29.9,3.66,0.32958333333333334
2023-02-21,0.2,31.2,4.74,0.29262499999999997
2023-02-22,0.6,30.9,4.47,0.26758333333333334
2023-02-23,1.0,31.0,4.41,0.253125
2023-02-24,0.1,31.9,4.84,0.23966666666666667
2023-02-25,0.0,31.4,4.02,0.22741666666666668
2023-02-26,0.0,32.1,5.3,0.21254166666666666
2023-02-27,0.0,32.5,5.01,0.20262499999999997
2023-02-28,0.0,32.3,4.4,0.19491666666666665
2023-03-01,0.0,31.5,5.12,0.18966666666666665
2023-03-02,0.0,31.0,5.11,0.18395833333333333
2023-03-03,0.0,30.3,5.31,0.17804166666666665
2023-03-04,0.0,30.9,4.88,0.1728333333333333
2023-03-05,0.0,29.9,5.34,0.16795833333333335
2023-03-06,0.0,29.9,4.64,0.164625
2023-03-07,0.0,32.8,5.07,0.16329166666666667
2023-03-08,0.0,30.9,5.39,0.161625
2023-03-09,0.0,29.5,5.77,0.160125
2023-03-10,0.0,31.7,4.91,0.15675
2023-03-11,0.0,31.4,4.86,0.15691666666666668
2023-03-12,0.0,29.8,5.3,0.15687500000000001
2023-03-13,0.0,30.3,5.64,0.15645833333333334
2023-03-14,0.0,30.6,5.81,0.15525
2023-03-15,0.0,30.8,5.81,0.15416666666666667
2023-03-16,0.0,31.3,5.65,0.154375
2023-03-17,0.2,31.4,5.31,0.15591666666666668
2023-03-18,0.0,31.4,5.05,0.158
2023-03-19,0.0,31.5,5.5,0.15870833333333334
2023-03-20,0.2,32.0,4.96,0.16125
2023-03-21,0.2,33.1,5.09,0.16320833333333334
2023-03-22,0.0,33.9,5.18,0.16216666666666668
2023-03-23,0.5,33.2,4.88,0.15991666666666668
2023-03-24,0.0,34.7,5.28,0.15916666666666668
2023-03-25,0.1,32.9,5.47,0.16070833333333334
2023-03-26,0.0,34.0,5.18,0.15891666666666668
2023-03-27,0.0,33.1,5.43,0.15545833333333334
2023-03-28,0.1,32.5,5.33,0.15825
2023-03-29,0.0,32.5,5.85,0.15883333333333335
2023-03-30,0.0,32.9,5.4,0.15583333333333335
2023-03-31,0.1,32.9,5.35,0.15429166666666666
2023-04-01,0.7,32.5,4.86,0.15445833333333334
2023-04-02,0.9,32.9,5.05,0.15720833333333334
2023-04-03,7.5,33.0,4.34,0.17700000000000002
2023-04-04,0.8,33.4,4.94,0.19275
2023-04-05,1.1,33.6,4.71,0.18129166666666666
2023-04-06,0.1,34.0,5.48,0.170875
2023-04-07,0.0,33.7,5.6,0.16183333333333336
2023-04-08,0.0,33.4,5.63,0.15475
2023-04-09,1.4,33.0,5.12,0.157125
2023-04-10,2.0,32.5,4.63,0.18120833333333333
2023-04-11,4.8,33.4,4.75,0.211125
2023-04-12,2.5,34.0,4.73,0.2051666666666667
2023-04-13,0.5,34.1,5.31,0.2011666666666667
2023-04-14,2.3,34.0,5.17,0.20304166666666668
2023-04-15,35.3,34.5,4.64,0.25054166666666666
2023-04-16,2.5,32.0,3.25,0.30245833333333333
2023-04-17,1.9,33.1,4.63,0.25533333333333336
2023-04-18,0.7,33.3,5.09,0.24183333333333334
2023-04-19,0.5,34.3,5.19,0.22687500000000002
2023-04-20,1.3,35.5,5.28,0.21262499999999998
2023-04-21,4.1,34.8,4.68,0.20841666666666667
2023-04-22,0.0,34.9,5.55,0.18891666666666665
2023-04-23,0.2,34.9,5.85,0.17766666666666667
2023-04-24,1.1,34.4,5.22,0.17108333333333334
2023-04-25,0.0,34.5,5.92,0.16520833333333335
2023-04-26,0.0,34.1,5.87,0.15837500000000002
2023-04-27,0.1,34.0,6.04,0.15145833333333333
2023-04-28,0.0,34.0,5.88,0.148375
2023-04-29,0.1,33.9,5.51,0.15016666666666667
2023-04-30,6.0,32.9,4.99,0.20604166666666668
2023-05-01,0.0,33.5,6.13,0.20450000000000002
2023-05-02,0.0,34.0,6.21,0.18795833333333334
2023-05-03,0.1,34.2,5.9,0.175875
2023-05-04,0.1,34.4,5.89,0.16537500000000002
2023-05-05,0.0,35.5,5.33,0.15883333333333335
2023-05-06,0.5,36.5,5.8,0.160625
2023-05-07,3.0,36.3,4.84,0.166
2023-05-08,12.2,33.3,3.73,0.22020833333333334
2023-05-09,7.5,32.0,3.18,0.34158333333333335
2023-05-10,6.4,32.1,4.01,0.3409166666666667
2023-05-11,5.2,31.6,3.71,0.3455
2023-05-12,11.6,32.0,3.62,0.34379166666666666
2023-05-13,10.9,32.9,4.47,0.34637500000000004
2023-05-14,7.8,32.7,4.24,0.36166666666666664
2023-05-15,3.5,34.0,4.85,0.34299999999999997
2023-05-16,2.0,34.2,4.71,0.31575000000000003
2023-05-17,2.7,34.9,4.89,0.32066666666666666
2023-05-18,17.4,33.2,4.28,0.3424583333333333
2023-05-19,3.9,33.5,4.48,0.35962500000000003
2023-05-20,13.6,33.6,3.2,0.3750833333333334
2023-05-21,8.4,32.1,3.3,0.3814166666666667
2023-05-22,6.1,32.5,4.0,0.38666666666666666
2023-05-23,9.7,32.4,4.21,0.393
2023-05-24,11.5,32.8,4.62,0.38762500000000005
2023-05-25,2.4,31.8,4.23,0.37166666666666665
2023-05-26,17.5,31.4,3.74,0.38225
2023-05-27,17.7,28.9,2.4,0.39949999999999997
2023-05-28,10.8,28.7,3.32,0.40320833333333334
2023-05-29,2.8,30.6,3.63,0.39025
2023-05-30,9.0,30.8,2.94,0.3930416666666667
2023-05-31,5.4,30.9,4.1,0.3887083333333334
2023-06-01,9.1,30.8,3.66,0.384875
2023-06-02,7.0,31.7,3.93,0.3754583333333333
2023-06-03,7.4,33.0,4.46,0.38316666666666666
2023-06-04,7.5,31.7,3.41,0.39058333333333334
2023-06-05,27.3,30.7,2.47,0.4088333333333333
2023-06-06,17.2,31.2,3.07,0.42041666666666666
2023-06-07,9.6,27.0,1.26,0.4177916666666666
2023-06-08,4.1,31.5,3.63,0.41262499999999996
2023-06-09,3.2,30.6,3.16,0.4014166666666667
2023-06-10,9.6,30.7,3.6,0.3938333333333333
2023-06-11,1.8,31.3,4.38,0.386125
2023-06-12,13.7,30.8,3.07,0.400125
2023-06-13,10.1,32.1,3.92,0.4130416666666667
2023-06-14,13.1,31.5,4.06,0.4057916666666667
2023-06-15,8.7,32.5,4.36,0.39920833333333333
2023-06-16,3.0,32.7,4.46,0.3960000000000001
2023-06-17,16.2,31.4,3.3,0.404125
2023-06-18,10.5,31.5,3.86,0.4126666666666667
2023-06-19,6.7,32.1,3.95,0.40454166666666663
2023-06-20,3.4,32.6,4.46,0.3914583333333333
2023-06-21,5.0,32.1,3.84,0.398625
2023-06-22,8.6,31.4,3.69,0.39958333333333335
2023-06-23,1.1,33.2,4.88,0.390625
2023-06-24,7.4,32.4,4.34,0.39195833333333335
2023-06-25,18.0,31.5,3.65,0.39975
2023-06-26,1.8,32.8,4.54,0.404375
2023-06-27,6.1,32.2,4.26,0.400625
2023-06-28,3.8,31.7,3.92,0.4069583333333333
2023-06-29,3.8,32.1,4.04,0.4041666666666666
2023-06-30,5.0,32.0,3.94,0.4076666666666666
2023-07-01,17.7,31.3,3.26,0.41191666666666665
2023-07-02,15.4,29.5,2.51,0.4255
2023-07-03,19.3,31.9,3.58,0.41775
2023-07-04,0.0,32.5,4.92,0.3990416666666667
2023-07-05,2.6,31.8,3.93,0.38516666666666666
2023-07-06,5.0,32.4,4.36,0.376625
2023-07-07,8.1,32.0,4.49,0.3824166666666667
2023-07-08,23.6,30.0,3.41,0.3917916666666667
2023-07-09,15.0,30.7,3.39,0.40691666666666665
2023-07-10,4.2,32.1,4.35,0.4054166666666667
2023-07-11,1.0,32.5,4.71,0.398125
2023-07-12,7.6,32.2,4.06,0.3947083333333334
2023-07-13,25.8,30.0,3.45,0.40958333333333335
2023-07-14,21.9,29.1,2.91,0.42383333333333334
2023-07-15,2.4,29.9,3.25,0.41033333333333327
2023-07-16,14.7,29.8,3.28,0.40641666666666665
2023-07-17,13.7,27.0,1.95,0.41825
2023-07-18,14.7,28.3,2.57,0.4223333333333333
2023-07-19,23.3,28.9,2.72,0.4224583333333333
2023-07-20,19.3,27.9,2.09,0.42274999999999996
2023-07-21,7.3,29.5,3.07,0.4230416666666667
2023-07-22,13.5,28.0,1.95,0.42254166666666665
2023-07-23,24.5,27.4,2.35,0.423625
2023-07-24,18.0,29.9,2.84,0.4194166666666666
2023-07-25,22.7,29.3,2.63,0.418125
2023-07-26,8.1,30.6,4.02,0.41712499999999997
2023-07-27,27.5,28.7,2.58,0.41966666666666663
2023-07-28,22.9,30.6,3.34,0.42062499999999997
2023-07-29,10.2,29.0,2.66,0.41816666666666663
2023-07-30,8.2,29.8,2.51,0.41983333333333334
2023-07-31,4.1,28.6,1.96,0.41320833333333334
2023-08-01,7.7,30.7,3.38,0.4134166666666667
2023-08-02,7.2,31.1,3.57,0.4149583333333333
2023-08-03,13.0,31.1,3.81,0.408625
2023-08-04,4.7,30.7,3.34,0.41250000000000003
2023-08-05,3.2,31.5,4.55,0.40549999999999997
2023-08-06,1.2,32.2,4.89,0.39275
2023-08-07,4.3,31.6,4.64,0.38408333333333333
2023-08-08,5.8,31.9,4.75,0.38433333333333336
2023-08-09,1.7,32.2,4.65,0.39433333333333337
2023-08-10,1.9,31.8,4.6,0.3935416666666667
2023-08-11,3.8,31.4,4.59,0.399
2023-08-12,6.1,32.2,4.41,0.39716666666666667
2023-08-13,9.6,31.1,3.73,0.4031666666666667
2023-08-14,8.1,31.0,3.99,0.40091666666666664
2023-08-15,10.4,30.6,3.77,0.40116666666666667
2023-08-16,6.7,31.5,3.89,0.4050833333333333
2023-08-17,6.8,30.1,3.93,0.40804166666666664
2023-08-18,14.3,30.9,3.82,0.4134166666666667
2023-08-19,18.5,30.0,3.16,0.41962499999999997
2023-08-20,17.7,29.9,2.27,0.4204583333333333
2023-08-21,3.9,31.8,4.45,0.4144583333333333
2023-08-22,2.7,32.0,4.46,0.40575
2023-08-23,1.4,32.1,4.71,0.40166666666666667
2023-08-24,0.1,32.0,4.99,0.3810833333333334
2023-08-25,3.3,32.3,4.83,0.367875
2023-08-26,9.3,32.3,4.5,0.375375
2023-08-27,10.8,32.0,3.65,0.39337500000000003
2023-08-28,20.8,31.2,3.43,0.41025
2023-08-29,15.4,31.6,4.06,0.41079166666666667
2023-08-30,15.3,30.9,3.53,0.41487499999999994
2023-08-31,13.1,30.2,3.26,0.4187083333333333
2023-09-01,14.3,30.8,2.95,0.41674999999999995
2023-09-02,15.7,28.3,2.55,0.4225833333333333
2023-09-03,16.6,29.7,3.16,0.4222916666666667
2023-09-04,11.0,29.7,2.84,0.42383333333333334
2023-09-05,20.1,29.7,3.08,0.42412500000000003
2023-09-06,7.4,31.1,3.65,0.4164583333333333
2023-09-07,9.3,31.1,3.79,0.418375
2023-09-08,8.1,30.8,3.73,0.417375
2023-09-09,17.1,30.8,2.98,0.419875
2023-09-10,40.0,29.7,2.67,0.4244583333333333
2023-09-11,1.8,31.4,4.36,0.40887500000000004
2023-09-12,5.8,30.1,3.52,0.40158333333333335
2023-09-13,22.7,30.1,3.25,0.408375
2023-09-14,14.5,28.9,2.67,0.41679166666666667
2023-09-15,10.2,29.3,3.41,0.4191666666666667
2023-09-16,21.0,29.0,2.81,0.42054166666666665
2023-09-17,12.7,32.0,4.51,0.41558333333333336
2023-09-18,22.3,32.1,4.47,0.41050000000000003
2023-09-19,10.1,32.1,3.82,0.41208333333333336
2023-09-20,1.0,31.9,4.44,0.4090416666666667
2023-09-21,32.8,29.8,2.68,0.4222916666666667
2023-09-22,24.3,29.8,3.54,0.4204583333333333
2023-09-23,3.1,30.1,2.95,0.41687499999999994
2023-09-24,27.5,30.2,2.77,0.41958333333333336
2023-09-25,23.0,30.1,2.48,0.425875
2023-09-26,10.9,28.5,2.57,0.42175
2023-09-27,23.2,28.4,2.3,0.42366666666666664
2023-09-28,11.9,28.1,2.49,0.42112499999999997
2023-09-29,15.4,32.3,4.36,0.41816666666666663
2023-09-30,5.1,29.6,2.64,0.4227916666666667
2023-10-01,32.4,30.3,3.16,0.42083333333333334
2023-10-02,75.2,27.9,1.94,0.4292916666666666
2023-10-03,27.6,29.9,3.85,0.42287499999999995
2023-10-04,1.8,31.3,4.22,0.40887500000000004
2023-10-05,7.6,32.0,3.43,0.41429166666666667
2023-10-06,6.9,32.0,3.88,0.40958333333333335
2023-10-07,4.4,31.9,4.16,0.4073333333333333
2023-10-08,27.4,32.5,3.94,0.41283333333333333
2023-10-09,2.4,32.0,3.54,0.40875
2023-10-10,10.5,31.3,3.36,0.40958333333333335
2023-10-11,8.1,31.2,4.13,0.41395833333333326
2023-10-12,10.0,31.6,4.32,0.40962499999999996
2023-10-13,8.4,32.1,4.2,0.4124583333333333
2023-10-14,2.6,31.6,3.84,0.40650000000000003
2023-10-15,20.7,30.4,2.61,0.42054166666666665
2023-10-16,20.1,30.4,2.91,0.42383333333333334
2023-10-17,11.7,30.9,3.58,0.4187916666666667
2023-10-18,13.1,31.5,3.75,0.4093333333333333
2023-10-19,11.3,32.0,4.1,0.39766666666666667
2023-10-20,9.7,31.6,4.15,0.40279166666666666
2023-10-21,11.3,31.1,3.71,0.409125
2023-10-22,11.4,31.4,4.3,0.41370833333333334
2023-10-23,2.0,31.1,3.59,0.40729166666666666
2023-10-24,8.9,31.7,4.3,0.40729166666666666
2023-10-25,4.0,30.2,3.86,0.401875
2023-10-26,7.0,31.1,4.08,0.41291666666666665
2023-10-27,26.9,31.4,4.03,0.413375
2023-10-28,13.0,30.9,3.79,0.42195833333333327
2023-10-29,10.3,30.6,2.89,0.41533333333333333
2023-10-30,9.4,31.3,3.85,0.4149583333333333
2023-10-31,12.3,31.3,3.72,0.41395833333333326
2023-11-01,4.4,31.1,4.23,0.402125
2023-11-02,4.5,31.5,4.12,0.39045833333333335
2023-11-03,8.1,31.4,3.66,0.3958333333333333
2023-11-04,0.6,30.0,3.22,0.39316666666666666
2023-11-05,13.3,30.6,3.65,0.39916666666666667
2023-11-06,0.6,31.9,4.49,0.38104166666666667
2023-11-07,2.7,31.5,3.52,0.376875
2023-11-08,8.8,31.0,3.9,0.39858333333333335
2023-11-09,11.9,31.1,3.9,0.40254166666666663
2023-11-10,14.2,28.4,1.88,0.4107083333333333
2023-11-11,5.6,31.1,3.83,0.40975
2023-11-12,5.6,30.6,4.11,0.3978333333333333
2023-11-13,0.1,31.3,4.43,0.36845833333333333
2023-11-14,5.6,30.6,3.84,0.3626666666666667
2023-11-15,12.9,29.8,2.56,0.37795833333333334
2023-11-16,7.9,29.1,2.54,0.3974583333333333
2023-11-17,4.0,31.0,3.8,0.3842916666666667
2023-11-18,0.0,30.8,4.42,0.36916666666666664
2023-11-19,0.0,30.2,4.09,0.344125
2023-11-20,0.1,31.1,4.28,0.331
2023-11-21,2.5,30.6,3.5,0.3222916666666667
2023-11-22,1.4,31.2,3.99,0.31245833333333334
2023-11-23,1.6,27.5,1.47,0.31720833333333337
2023-11-24,0.9,28.8,2.1,0.31725
2023-11-25,11.8,30.3,3.8,0.3229583333333333
2023-11-26,0.1,30.1,2.9,0.31775
2023-11-27,0.1,30.7,3.27,0.284375
2023-11-28,0.0,30.9,4.36,0.26866666666666666
2023-11-29,0.2,31.3,4.15,0.25704166666666667
2023-11-30,3.9,31.9,3.98,0.26295833333333335
2023-12-01,1.1,32.0,4.27,0.24879166666666666
2023-12-02,9.2,30.0,2.34,0.2774583333333333
2023-12-03,4.3,30.0,2.92,0.36191666666666666
2023-12-04,2.0,32.3,3.65,0.3302083333333334
2023-12-05,0.1,31.6,4.44,0.30791666666666667
2023-12-06,1.8,31.1,3.71,0.293875
2023-12-07,0.3,30.9,4.05,0.28379166666666666
2023-12-08,0.0,29.7,2.85,0.2751666666666667
2023-12-09,0.2,31.2,3.76,0.2687083333333334
2023-12-10,0.4,31.2,3.75,0.259875
2023-12-11,0.0,31.8,4.43,0.24858333333333335
2023-12-12,0.0,31.9,4.66,0.23604166666666668
2023-12-13,0.2,32.1,4.1,0.22608333333333333
2023-12-14,0.0,32.0,4.97,0.21875
2023-12-15,0.0,32.4,4.72,0.20904166666666668
2023-12-16,0.0,32.3,4.72,0.20195833333333335
2023-12-17,0.3,31.5,4.56,0.19595833333333335
2023-12-18,0.7,32.5,4.18,0.19275
2023-12-19,1.0,32.4,3.98,0.20179166666666667
2023-12-20,0.9,32.9,4.03,0.19495833333333334
2023-12-21,0.0,32.2,4.13,0.20433333333333334
2023-12-22,0.2,30.9,3.66,0.19933333333333333
2023-12-23,0.1,30.5,4.03,0.19333333333333336
2023-12-24,1.3,27.8,2.38,0.19779166666666667
2023-12-25,0.0,31.5,3.98,0.19462500000000002
2023-12-26,0.0,31.6,4.33,0.18695833333333334
2023-12-27,0.0,31.9,4.06,0.18070833333333333
2023-12-28,0.1,31.6,4.29,0.17658333333333331
2023-12-29,0.1,32.3,4.41,0.17379166666666668
2023-12-30,0.2,32.9,4.63,0.167875
2023-12-31,0.6,31.2,3.86,0.16420833333333335
